{"cameraMode":{"drawMode":0,"name":"Shaded","section":"Shading Mode"},"sceneLighting":false,"audioPlay":false,"sceneViewState":{"m_AlwaysRefresh":false,"showFog":true,"showSkybox":true,"showFlares":true,"showImageEffects":true,"showParticleSystems":true,"showVisualEffectGraphs":true,"m_FxEnabled":false},"in2DMode":false,"pivot":{"x":2.013314723968506,"y":7.891578674316406,"z":-427.2434997558594},"rotation":{"x":0.7060422301292419,"y":-0.0021244969684630634,"z":0.0021181332413107158,"w":0.7081634998321533},"size":29.766735076904298,"orthographic":true}