{"cameraMode":{"drawMode":0,"name":"Shaded","section":"Shading Mode"},"sceneLighting":false,"audioPlay":false,"sceneViewState":{"m_AlwaysRefresh":false,"showFog":true,"showSkybox":false,"showFlares":true,"showImageEffects":true,"showParticleSystems":true,"showVisualEffectGraphs":true,"m_FxEnabled":false},"in2DMode":false,"pivot":{"x":-3.1999998092651369,"y":1.763458251953125,"z":-450.2218322753906},"rotation":{"x":0.660054624080658,"y":-0.0033804173581302168,"z":0.002970307134091854,"w":0.7512071132659912},"size":4.037779808044434,"orthographic":true}